id,categoria,nombre,zona,direccion,costo_aprox,horario,duracion,acceso,apto_para,fuente,verificado_el,estado
INV-01,mirador,Ecoparque Cristo Rey,Oeste (Los Cristales),Vía al Cristo Rey,Gratis (confirmar si es permanente o solo promoción),6:00–20:00; recorridos guiados 9:00 / 12:00 / 15:00,1–2 h,En vehículo; no se permiten mascotas ni bebidas alcohólicas,Todos,https://www.elespectador.com/colombia/cali/cristo-rey-en-cali-volvio-a-abrir-sus-puertas-horarios-para-visitarlo/,2026-10-03,por_confirmar
INV-02,mirador,Cerro de las Tres Cruces (caminata),Norte (Chipichape),Ingreso por el sector Chipichape,Gratis,6:00–13:00 (horario regular),2–3 h,Caminata exigente; subir en grupo y de mañana,Grupos con buena condición física,https://www.semana.com/nacion/cali/articulo/cuales-son-los-horarios-de-ingreso-al-cerro-de-las-tres-cruces-en-cali-durante-semana-santa-2026/202655/,2026-10-03,activo
INV-03,museo,Museo La Tertulia,El Peñón,Av. Colombia #5-105 Oeste,$20.000 general · $14.000 reducida,Mar–Mié 11:00–18:00 · Jue–Sáb 11:00–19:00 · Dom 14:00–18:00 · lunes cerrado,1–2 h,Zona caminable hacia San Antonio y El Peñón,Todos,https://www.museolatertulia.co/,2026-10-03,activo
INV-04,cine,Cinemateca La Tertulia,El Peñón,Av. Colombia #5-105 Oeste (Museo La Tertulia),Entrada libre en varias funciones hasta completar aforo; revisar cada función,Según programación,2 h,Llegar temprano por el aforo,Todos,https://elpais.com.co/cultura/lanzamiento-del-festival-internacional-de-cine-de-cali-abre-este-sabado-con-un-documental-sobre-pablo-milanes-0319.html,2026-10-03,por_confirmar
INV-05,museo,Museo del Oro Calima (Banco de la República),Centro,Centro Cultural del Banco de la República (confirmar dirección),Gratis,Mar–Vie 9:00–17:00 · Sáb 10:00–17:00,1 h,Centro histórico,Todos,https://www.cali.gov.co/publicaciones/137733/vamos-todos-al-museo-del-oro-calima/,2026-10-03,activo
INV-06,teatro,Teatro Municipal Enrique Buenaventura (visita guiada o función),Centro,Centro histórico,Visita guiada $10.000 · funciones con precio variable o entrada libre,Según programación,40 min (visita) / 2 h (función),Centro histórico,Todos,https://www.elpais.com.co/cultura/el-teatro-municipal-enrique-buenaventura-se-reactiva-con-programacion-en-su-teatrino-eventos-culturales-para-octubre-0230.html,2026-10-03,por_confirmar
INV-07,familiar,Zoológico de Cali,Santa Teresita (Oeste),Cra. 2 Oeste con Calle 14 esquina,$40.000 adulto · $30.500 mayores de 65 · $27.500 niños de 2 a 12,Todos los días 9:00–16:30,3–4 h,Buena accesibilidad,Familias y todos,https://www.semana.com/nacion/cali/articulo/zoologico-de-cali-un-plan-familiar-imperdible-costos-y-recorridos-para-pasarla-bien/202600/,2026-10-03,activo
INV-08,parque,Jardín Botánico de Cali,Oeste (vía al Ecoparque Río Cali),A ~1 km del Zoológico por la Cra. 1 Oeste,$15.000 (taquilla del Zoológico o Tu Boleta),Jue–Dom 9:00–14:00,2 h,Senderos,Todos,https://www.elpais.com.co/cali/jardin-botanico-de-cali-abre-sus-puertas-al-publico-3117.html,2026-10-03,activo
INV-09,parque,Ecoparque Río Pance,Sur (Pance),Vía a Pance,Gratis,7:00–19:00 (fuente secundaria),Medio día,Río: evitar en temporada de lluvias o crecientes,Todos,https://evendo.com/locations/colombia/cali/attraction/ecoparque-rio-pance-entrada-4-via-la-voragine,2026-10-03,por_confirmar
INV-10,parque,Ecoparque de la Biodiversidad (COP16),Sur (junto al río Pance),Sur de Cali,Gratis con reserva previa obligatoria (plataforma DAGMA/CVC),Mar–Dom y festivos; recorridos 9:00 / 12:00 / 15:00,2 h,Reservar con anticipación,Todos,https://www.cali.gov.co/boletines/publicaciones/187444/recorrido-por-el-ecoparque-de-la-biodiversidad-un-pulmon-verde-al-sur-de-cali/,2026-10-03,activo
INV-11,actividad,Ciclovida (domingos),Varios corredores (58 km),Ver tramos en cali.gov.co,Gratis,Domingos 8:00–13:00,1–3 h,En bici; patines o a pie; estaciones con actividades,Todos,https://www.cali.gov.co/boletines/publicaciones/191401/la-sexta-ciclovida-de-2026-llega-el-domingo-para-el-disfrute-de-calenos-y-visitantes/,2026-10-03,activo
INV-12,salsa,La Topa Tolondra (clase de salsa lun/mar),Centro (Calle 5),Calle 5 #13-27,Cover ~$10.000 (confirmar),Clases lun y mar 19:00–21:00 · abierto lun–sáb desde las 19:00,2–4 h,Plan nocturno,Adultos,https://www.salsavida.com/event/colombia/cali/lunes-de-topa-at-la-topa-tolondra/,2026-10-03,por_confirmar
INV-13,salsa,Zaperoco (salsa clásica),Norte (Versalles),Av. 5N #16-46,Cover variable (confirmar),Jue 20:00–1:00 · Vie–Sáb 20:00–3:00,3 h,Plan nocturno,Adultos,https://caliadventurer.com/salsa-bars-cali/,2026-10-03,por_confirmar
INV-14,clase,Son de Luz (clase grupal de salsa),Por confirmar sede,Por confirmar,Desde $30.000/h por persona; clase de prueba gratis,Con reserva,1 h,Reservar por anticipado,Adultos,https://sondeluz.co/escuela-de-baile-en-cali-para-adultos/,2026-10-03,por_confirmar
INV-15,clase,Swing Latino Academia (clase grupal),Por confirmar sede,Por confirmar,Ver tabla oficial de precios,Con reserva,1 h,Reservar por anticipado,Adultos,https://swinglatinoacademia.com/precios-y-paquetes/,2026-10-03,por_confirmar
INV-16,gastronomia,Galería Alameda (plaza de mercado),Alameda (Comuna 9),Cra. 26 #8-37 según El País (otra fuente indica Cl. 8 #25-25: confirmar),$15.000–$35.000 por persona (estimado; confirmar),Lun–Jue 8:00–11:30 y 14:00–16:30 · Vie 7:30–12:30 y 13:30–16:30 · fin de semana por confirmar,1–2 h,Ir de mañana; comida del Pacífico y frutas,Todos,https://www.elpais.com.co/cultura/alameda-de-los-sentidos-por-que-una-plaza-de-mercado-es-un-hit-turistico-de-cali.html,2026-10-03,por_confirmar
INV-17,cafe,Café Macondo,San Antonio,Cra. 6 #3-03,Por confirmar,Por confirmar,1 h,Barrio caminable,Todos,https://perfectdailygrind.com/es/2022/05/23/recorrido-tiendas-cafe-especialidad-cali/,2026-10-03,por_confirmar
INV-18,cafe,Typica Arte-Café,San Antonio,Cra. 4c #2-02 Oeste,Por confirmar,Por confirmar,1 h,Pet friendly; agenda cultural,Todos,https://perfectdailygrind.com/es/2022/05/23/recorrido-tiendas-cafe-especialidad-cali/,2026-10-03,por_confirmar
INV-19,cafe,Tierradentro Café & Co,San Antonio,Cra. 12 #2-81,Por confirmar,Por confirmar,1–2 h,Espacio amplio,Grupos,https://www.ourhomecali.com/es/article/6a3d4035c7c7888f90b0cf8b,2026-10-03,por_confirmar
INV-20,cafe,Pulguero Coffee Shop,San Antonio,Cra. 6 #3-75,Por confirmar,Por confirmar,1 h,Espacio pequeño,Grupos pequeños,https://www.ourhomecali.com/es/article/6a3d4035c7c7888f90b0cf8b,2026-10-03,por_confirmar
INV-21,gastronomia,Zona Parque del Perro (San Fernando),San Fernando,Alrededores del Parque del Perro,Variable según el restaurante,Principalmente de noche (confirmar el lugar puntual),2 h,Zona con alta concentración de restaurantes,Adultos,https://www.tripadvisor.com/RestaurantsNear-g297475-d8863765-Parque_del_Perro-Cali_Valle_del_Cauca_Department.html,2026-10-03,por_confirmar
INV-22,gastronomia,Zona gastronómica Granada,Norte (Granada),Av. 9N y alrededores,Variable según el restaurante,Variable,2 h,Zona gastronómica,Adultos,https://www.elpais.com.co/contenido-premium/detalles-del-plan-piloto-en-restaurantes-del-parque-del-perro.html,2026-10-03,por_confirmar
